Idea Title,Description,Source,Source Link,Category,Target Audience,Potential Keywords,Affiliate Opportunities,Status,Notes
AI-powered Personal Finance Co-Pilot,"Develop an AI-driven app that integrates with users' financial accounts to provide personalized guidance and insights",Newsletter,N/A,"AI, FinTech","Individual investors, Personal finance enthusiasts","AI finance, personal finance app, financial planning","Plaid API, WeFIRE, Coplit.Money",New,Consider gamification features
Real Estate Market Research Platform,Create a micro SaaS for aggregating real estate data to help investors make informed decisions,Newsletter,N/A,"Real Estate, Data Analytics","Real estate investors, Property managers","Real estate analytics, property valuation, market trends","HouseCanary, BrightInvestor, PropertyShark",New,Focus on niche markets like vacation rentals
Affirmation-Based Habit Tracking App,Develop an app combining positive affirmations with habit tracking features,Newsletter,N/A,"Health & Wellness, Productivity","Self-improvement enthusiasts, Wellness-focused individuals","Habit tracking, positive affirmations, personal growth",Believe app,New,Include AI-generated personalized affirmations
AI Product Photography Tool,Create a micro SaaS for enhancing product photos using AI,Newsletter,N/A,"E-commerce, AI","Small online businesses, E-commerce entrepreneurs","AI product photography, image enhancement, e-commerce tools","Shopify integration, Pebblely",New,Focus on background removal and replacement
Employee Pulse Survey Tool,Develop a B2B SaaS for quick employee engagement check-ins,Newsletter,N/A,"HR Tech, B2B SaaS","HR managers, Company leaders","Employee engagement, pulse surveys, workplace feedback","OfficeVibe, Teamspective",New,Consider Slack or Google Workspace integration
Unified Platform for Coaches and Trainers,"Create an all-in-one system for client management, scheduling, and progress tracking",Newsletter,N/A,"Fitness Tech, Business Management","Personal trainers, Coaches, Gyms","Personal trainer software, coaching management, client tracking","FitSW, PTDistinction",New,Include payment system integration
AI-Generated Video Soundtracks,Develop a tool for generating AI soundtracks and dialogue for videos,Newsletter,N/A,"AI, Video Production","Video creators, Content producers","AI audio generation, video soundtracks, AI dialogue",DeepMind's technology,New,Research latest developments in AI audio generation
AI Avatar Creation for Ads,Create a platform for generating AI avatars of creators for use in advertisements,Newsletter,N/A,"AI, Digital Marketing","Advertisers, Marketing agencies","AI avatars, digital advertising, influencer marketing",TikTok's AI avatar technology,New,Focus on compliance with advertising regulations
Human-like AI Agents for Customer Support,Develop AI agents that can provide advanced customer support for enterprises,Newsletter,N/A,"AI, Customer Service","Enterprise businesses, Customer support teams","AI customer service, chatbots, support automation",Decagon's technology,New,Emphasize the "human-like" aspect of AI interactions
Micro SaaS Ideas Repository,Create a comprehensive database of micro SaaS ideas with market insights,Newsletter,N/A,"SaaS, Entrepreneurship","SaaS founders, Entrepreneurs","Micro SaaS ideas, startup opportunities, niche markets",Micro SaaS HQ Pro subscription,New,Consider including revenue data and case studies
